Resale-Cat,fuel_type,vehicle_class,trans,drive,smog_rating,city_mpg,hwy_mpg,cmb_mpg,Greenhouse_gas_score,smartway,comb_CO2,Sales_2016,Sales_2017,Sales_2018
0,3,5,2,0,6,15.0,17.0,1,3,1,555.0,103217,106583,20848
0,3,2,8,1,5,18.0,23.0,2,4,1,444.0,178914,185615,228947
0,3,2,8,0,7,19.0,24.0,2,5,1,430.0,178914,185615,228947
0,3,2,8,0,5,19.0,24.0,2,5,1,430.0,178914,185615,228947
0,3,2,6,1,7,17.0,21.0,2,4,1,471.0,178914,185615,228947
0,3,2,6,1,5,17.0,21.0,2,4,1,471.0,178914,185615,228947
0,3,2,8,1,7,19.0,22.0,2,4,1,441.0,178914,185615,228947
0,3,2,8,1,5,19.0,22.0,2,4,1,441.0,178914,185615,228947
0,3,2,8,0,7,19.0,23.0,2,5,1,424.0,178914,185615,228947
0,3,2,8,1,7,18.0,23.0,2,4,1,444.0,178914,185615,228947
0,3,2,8,0,5,19.0,23.0,2,5,1,424.0,178914,185615,228947
0,3,2,5,1,5,19.0,21.0,2,4,1,449.0,178914,185615,228947
0,3,6,7,0,6,17.0,22.0,2,4,1,466.0,104456,119597,130025
0,3,6,7,0,5,17.0,22.0,2,4,1,466.0,104456,119597,130025
0,3,2,3,0,6,18.0,24.0,2,4,1,446.0,207299,204211,30244
0,3,2,3,0,5,18.0,24.0,2,4,1,446.0,207299,204211,30244
0,3,2,2,0,6,16.0,23.0,2,4,1,479.0,207299,204211,30244
0,3,2,2,0,5,16.0,23.0,2,4,1,479.0,207299,204211,30244
0,3,2,2,1,6,17.0,24.0,2,4,1,450.0,35179,30047,5042
0,3,2,5,1,7,19.0,21.0,2,4,1,449.0,178914,185615,228947
0,3,2,2,0,6,20.0,26.0,2,5,1,405.0,103217,106583,20848
0,3,2,2,0,6,20.0,26.0,2,5,1,405.0,103217,106583,20848
0,3,2,2,1,6,19.0,24.0,2,4,1,423.0,103217,106583,20848
0,3,2,2,1,6,19.0,24.0,2,4,1,423.0,35179,30047,5042
0,3,2,2,1,6,19.0,24.0,2,4,1,423.0,35179,30047,5042
0,3,2,2,0,6,20.0,26.0,2,5,1,405.0,35179,30047,5042
0,3,2,2,0,6,20.0,26.0,2,5,1,405.0,35179,30047,5042
0,3,2,3,0,6,18.0,24.0,2,4,1,447.0,537013,550311,94829
0,3,2,3,0,5,18.0,24.0,2,4,1,447.0,537013,550311,94829
0,3,2,2,0,6,16.0,23.0,2,4,1,479.0,537013,550311,94829
0,3,2,2,0,5,16.0,23.0,2,4,1,479.0,537013,550311,94829
0,0,2,2,1,6,19.0,22.0,2,3,1,506.0,103217,106583,20848
0,0,2,2,1,6,19.0,22.0,2,3,1,506.0,103217,106583,20848
0,3,2,3,1,7,17.0,24.0,2,4,1,461.0,103217,106583,20848
0,3,2,3,1,7,17.0,24.0,2,4,1,461.0,103217,106583,20848
0,3,2,3,0,7,18.0,25.0,2,4,1,440.0,103217,106583,20848
0,3,2,3,0,7,18.0,25.0,2,4,1,440.0,103217,106583,20848
0,0,2,2,1,6,20.0,28.0,2,4,1,449.0,103217,106583,20848
0,0,2,2,1,6,20.0,28.0,2,4,1,449.0,103217,106583,20848
0,3,2,6,0,6,19.0,26.0,2,5,1,408.0,103217,106583,20848
0,3,2,6,0,6,19.0,26.0,2,5,1,408.0,103217,106583,20848
0,3,2,2,1,6,19.0,24.0,2,4,1,423.0,103217,106583,20848
0,3,2,2,1,6,17.0,24.0,2,4,1,450.0,35179,30047,5042
0,3,2,6,0,6,19.0,26.0,2,5,1,408.0,35179,30047,5042
0,3,2,2,0,6,18.0,26.0,2,5,1,427.0,35179,30047,5042
0,0,2,2,1,6,20.0,29.0,2,4,1,445.0,35179,30047,5042
0,3,2,3,0,3,16.0,22.0,1,3,1,495.0,207299,204211,30244
0,3,2,3,0,3,16.0,22.0,1,3,1,495.0,207299,204211,30244
0,3,5,2,1,3,15.0,19.0,1,3,1,523.0,207299,204211,30244
0,3,2,2,1,3,16.0,22.0,1,3,1,489.0,207299,204211,30244
0,3,5,2,1,3,15.0,19.0,1,3,1,523.0,207299,204211,30244
0,3,2,2,1,3,16.0,22.0,1,3,1,489.0,207299,204211,30244
0,2,2,2,1,3,13.5,19.0,1,3,1,489.0,207299,204211,30244
0,2,2,2,1,3,13.5,19.0,1,3,1,489.0,207299,204211,30244
0,0,2,2,0,3,22.0,30.0,0,4,1,413.0,35179,30047,5042
0,3,5,2,0,3,15.0,20.0,1,3,1,523.0,207299,204211,30244
0,2,2,2,0,3,14.0,20.0,1,3,1,465.5,207299,204211,30244
0,2,2,2,0,3,14.0,20.0,1,3,1,465.5,207299,204211,30244
0,2,2,2,1,5,14.5,18.5,1,3,1,475.5,207299,204211,30244
0,2,2,2,1,5,14.5,18.5,1,3,1,475.5,207299,204211,30244
0,2,2,2,0,5,15.0,20.0,1,4,1,452.5,207299,204211,30244
0,2,2,2,0,5,15.0,20.0,1,4,1,452.5,207299,204211,30244
0,3,5,3,0,5,15.0,15.0,1,2,1,589.0,35179,30047,5042
0,3,5,3,0,5,15.0,15.0,1,2,1,589.0,35179,30047,5042
0,3,5,2,0,3,15.0,20.0,1,3,1,523.0,207299,204211,30244
0,3,2,2,0,6,20.0,27.0,2,5,1,397.0,103217,106583,20848
0,3,2,2,1,6,19.0,25.0,2,5,1,426.0,103217,106583,20848
0,3,2,2,1,6,19.0,25.0,2,5,1,426.0,103217,106583,20848
0,0,2,2,1,5,20.0,29.0,2,4,1,445.0,35179,30047,5042
0,3,2,6,0,6,19.0,26.0,2,5,1,406.0,35179,30047,5042
0,3,2,6,0,6,19.0,26.0,2,5,1,406.0,35179,30047,5042
0,3,2,2,1,6,19.0,25.0,2,5,1,426.0,35179,30047,5042
0,3,2,2,1,6,19.0,25.0,2,5,1,426.0,35179,30047,5042
0,3,2,2,0,6,20.0,27.0,2,5,1,397.0,35179,30047,5042
0,3,2,2,0,6,20.0,27.0,2,5,1,397.0,35179,30047,5042
0,3,2,3,0,6,18.0,24.0,2,4,1,446.0,537013,550311,94829
0,3,2,3,0,5,18.0,24.0,2,4,1,446.0,537013,550311,94829
0,3,2,2,0,6,16.0,23.0,2,4,1,480.0,537013,550311,94829
0,3,2,2,0,5,16.0,23.0,2,4,1,480.0,537013,550311,94829
0,3,2,2,1,6,17.0,24.0,2,4,1,450.0,103217,106583,20848
0,3,2,2,1,6,17.0,24.0,2,4,1,450.0,103217,106583,20848
0,3,2,2,0,6,18.0,26.0,2,5,1,427.0,103217,106583,20848
0,3,2,2,0,6,18.0,26.0,2,5,1,427.0,103217,106583,20848
0,0,2,2,1,6,20.0,29.0,2,4,1,445.0,103217,106583,20848
0,0,2,2,1,5,20.0,29.0,2,4,1,445.0,103217,106583,20848
0,3,2,6,0,6,19.0,26.0,2,5,1,406.0,103217,106583,20848
0,3,2,6,0,6,19.0,26.0,2,5,1,406.0,103217,106583,20848
0,3,2,2,0,6,18.0,26.0,2,5,1,427.0,35179,30047,5042
0,3,2,6,0,6,19.0,26.0,2,5,1,408.0,35179,30047,5042
0,0,2,2,1,6,20.0,28.0,2,4,1,449.0,35179,30047,5042
0,0,2,2,1,6,20.0,28.0,2,4,1,449.0,35179,30047,5042
0,3,3,3,1,5,18.0,23.0,2,4,1,440.0,180991,179188,228293
0,0,2,2,0,6,22.0,30.0,0,5,1,411.0,35179,30047,5042
0,3,2,2,1,3,18.0,25.0,2,4,1,424.0,23666,32068,28486
0,3,2,2,1,3,18.0,25.0,2,4,1,424.0,23666,32068,28486
0,3,2,2,0,3,19.0,26.0,2,4,1,410.0,23666,32068,28486
0,3,2,2,0,3,19.0,26.0,2,4,1,410.0,23666,32068,28486
0,3,2,3,0,3,18.0,24.0,2,4,1,447.0,207299,204211,30244
0,3,2,3,0,3,18.0,24.0,2,4,1,447.0,207299,204211,30244
0,3,3,3,1,5,18.0,23.0,2,4,1,440.0,180991,179188,228293
0,3,2,2,0,3,16.0,23.0,2,3,1,475.0,207299,204211,30244
0,3,2,3,1,5,17.0,24.0,2,3,1,463.0,35179,30047,5042
0,3,2,3,1,5,17.0,24.0,2,3,1,463.0,35179,30047,5042
0,3,2,3,0,5,18.0,25.0,2,4,1,440.0,35179,30047,5042
0,3,2,3,0,5,18.0,25.0,2,4,1,440.0,35179,30047,5042
0,0,2,2,1,3,20.0,28.0,2,4,1,450.0,35179,30047,5042
0,0,2,2,1,3,20.0,28.0,2,4,1,450.0,35179,30047,5042
0,3,2,6,0,5,20.0,26.0,2,4,1,403.0,35179,30047,5042
0,3,2,6,0,5,20.0,26.0,2,4,1,403.0,35179,30047,5042
0,3,2,2,0,3,16.0,23.0,2,3,1,475.0,207299,204211,30244
0,3,3,6,1,5,17.0,25.0,2,4,1,446.0,180991,179188,228293
0,3,3,6,1,5,17.0,25.0,2,4,1,446.0,180991,179188,228293
0,3,3,3,1,5,22.0,24.0,2,4,1,394.0,180991,179188,228293
0,0,2,2,0,6,22.0,31.0,0,5,1,406.0,35179,30047,5042
0,0,2,2,0,5,22.0,31.0,0,5,1,406.0,35179,30047,5042
0,0,2,2,0,6,22.0,30.0,0,5,1,411.0,103217,106583,20848
0,0,2,2,0,6,22.0,30.0,0,5,1,411.0,103217,106583,20848
0,0,2,2,0,6,22.0,31.0,0,5,1,406.0,103217,106583,20848
0,0,2,2,0,5,22.0,31.0,0,5,1,406.0,103217,106583,20848
0,0,2,2,0,6,22.0,30.0,0,5,1,411.0,35179,30047,5042
0,3,2,8,1,5,18.0,22.0,2,4,1,452.0,178914,185615,228947
0,3,2,8,1,5,18.0,22.0,2,4,1,452.0,178914,185615,228947
0,3,2,8,0,5,19.0,24.0,2,4,1,431.0,178914,185615,228947
0,3,2,8,0,5,19.0,24.0,2,4,1,431.0,178914,185615,228947
0,3,2,8,1,5,19.0,22.0,2,4,1,441.0,178914,185615,228947
0,3,2,8,1,5,19.0,22.0,2,4,1,441.0,178914,185615,228947
0,3,2,8,0,5,20.0,23.0,2,4,1,422.0,178914,185615,228947
0,3,2,8,0,5,20.0,23.0,2,4,1,422.0,178914,185615,228947
0,3,3,6,1,5,17.0,23.0,2,3,1,459.0,180991,179188,228293
0,3,3,6,1,5,17.0,23.0,2,3,1,459.0,180991,179188,228293
0,3,3,3,1,5,18.0,23.0,2,4,1,443.0,180991,179188,228293
0,3,3,3,1,5,18.0,23.0,2,4,1,443.0,180991,179188,228293
0,3,2,2,1,5,19.0,24.0,2,4,1,429.0,35179,30047,5042
0,3,2,2,1,5,19.0,24.0,2,4,1,429.0,35179,30047,5042
0,3,2,2,0,5,20.0,26.0,2,4,1,406.0,35179,30047,5042
0,3,2,2,0,5,20.0,26.0,2,4,1,406.0,35179,30047,5042
0,3,2,8,0,7,19.0,24.0,2,4,1,431.0,178914,185615,228947
0,3,2,8,1,7,19.0,22.0,2,4,1,441.0,178914,185615,228947
0,3,2,8,1,7,19.0,22.0,2,4,1,441.0,178914,185615,228947
0,3,2,8,0,7,19.0,23.0,2,4,1,427.0,178914,185615,228947
0,3,2,8,0,7,19.0,23.0,2,4,1,427.0,178914,185615,228947
0,3,2,5,1,7,19.0,21.0,2,4,1,448.0,178914,185615,228947
0,3,2,5,1,7,19.0,21.0,2,4,1,448.0,178914,185615,228947
0,3,2,2,1,6,18.0,25.0,2,4,1,424.0,23666,32068,28486
0,3,2,2,1,6,18.0,25.0,2,4,1,424.0,23666,32068,28486
0,3,2,2,0,6,19.0,26.0,2,5,1,410.0,23666,32068,28486
0,3,2,2,0,6,19.0,26.0,2,5,1,410.0,23666,32068,28486
0,3,2,3,0,6,18.0,24.0,2,4,1,447.0,207299,204211,30244
0,3,2,3,0,5,18.0,24.0,2,4,1,447.0,207299,204211,30244
0,3,2,2,0,6,16.0,23.0,2,4,1,479.0,207299,204211,30244
0,3,2,2,0,5,16.0,23.0,2,4,1,479.0,207299,204211,30244
0,3,2,3,1,7,17.0,24.0,2,4,1,461.0,35179,30047,5042
0,3,2,3,1,7,17.0,24.0,2,4,1,461.0,35179,30047,5042
0,3,2,3,0,7,18.0,25.0,2,4,1,440.0,35179,30047,5042
0,3,2,3,0,7,18.0,25.0,2,4,1,440.0,35179,30047,5042
0,3,2,8,0,7,19.0,24.0,2,4,1,431.0,178914,185615,228947
0,3,2,3,1,3,15.0,20.0,1,3,1,524.0,537013,550311,94829
0,3,2,8,1,7,18.0,23.0,2,4,1,446.0,178914,185615,228947
0,0,2,2,0,3,22.0,30.0,0,4,1,413.0,103217,106583,20848
0,3,2,3,0,3,18.0,24.0,2,4,1,447.0,537013,550311,94829
0,3,2,3,0,3,18.0,24.0,2,4,1,447.0,537013,550311,94829
0,3,2,2,0,3,16.0,23.0,2,3,1,476.0,537013,550311,94829
0,3,2,2,0,3,16.0,23.0,2,3,1,476.0,537013,550311,94829
0,0,2,2,1,3,19.0,22.0,2,3,1,506.0,103217,106583,20848
0,0,2,2,1,3,19.0,22.0,2,3,1,506.0,103217,106583,20848
0,3,2,3,1,5,17.0,24.0,2,3,1,463.0,103217,106583,20848
0,3,2,3,1,5,17.0,24.0,2,3,1,463.0,103217,106583,20848
0,3,2,3,0,5,18.0,25.0,2,4,1,440.0,103217,106583,20848
0,3,2,3,0,5,18.0,25.0,2,4,1,440.0,103217,106583,20848
0,0,2,2,1,3,20.0,28.0,2,4,1,450.0,103217,106583,20848
0,0,2,2,1,3,20.0,28.0,2,4,1,450.0,103217,106583,20848
0,3,2,6,0,5,20.0,26.0,2,4,1,403.0,103217,106583,20848
0,3,2,6,0,5,20.0,26.0,2,4,1,403.0,103217,106583,20848
0,3,2,2,1,5,19.0,24.0,2,4,1,429.0,103217,106583,20848
0,3,2,2,1,5,19.0,24.0,2,4,1,429.0,103217,106583,20848
0,3,2,2,0,5,20.0,26.0,2,4,1,406.0,103217,106583,20848
0,3,2,2,0,5,20.0,26.0,2,4,1,406.0,103217,106583,20848
0,0,2,2,0,3,22.0,30.0,0,4,1,413.0,103217,106583,20848
0,3,2,8,1,7,18.0,23.0,2,4,1,446.0,178914,185615,228947
0,3,2,3,1,3,15.0,20.0,1,3,1,524.0,537013,550311,94829
0,3,2,2,0,6,20.0,27.0,2,5,1,397.0,103217,106583,20848
0,3,2,3,0,3,15.0,21.0,1,3,1,522.0,537013,550311,94829
0,3,2,8,0,5,13.0,18.0,1,2,1,601.0,108257,109657,110614
0,3,2,8,1,6,14.0,18.0,1,3,1,570.0,108257,109657,110614
0,3,2,8,1,5,14.0,18.0,1,3,1,570.0,108257,109657,110614
0,3,2,8,0,6,15.0,19.0,1,3,1,537.0,108257,109657,110614
0,3,2,8,0,5,15.0,19.0,1,3,1,537.0,108257,109657,110614
0,3,2,6,1,7,17.0,20.0,1,4,1,483.0,178914,185615,228947
0,3,2,6,1,5,17.0,20.0,1,4,1,483.0,178914,185615,228947
0,3,6,7,1,6,17.0,21.0,1,4,1,478.0,104456,119597,130025
0,3,6,7,1,5,17.0,21.0,1,4,1,478.0,104456,119597,130025
0,3,2,8,0,6,13.0,18.0,1,2,1,601.0,108257,109657,110614
0,3,3,6,1,6,16.0,21.0,1,4,1,503.0,180991,179188,228293
0,3,3,1,1,6,16.0,20.0,1,4,1,505.0,180991,179188,228293
0,3,3,1,1,6,16.0,20.0,1,4,1,505.0,180991,179188,228293
0,3,3,6,1,6,17.0,21.0,1,4,1,481.0,180991,179188,228293
0,3,3,6,1,6,17.0,21.0,1,4,1,481.0,180991,179188,228293
0,3,3,1,1,6,17.0,21.0,1,4,1,482.0,180991,179188,228293
0,3,3,1,1,6,17.0,21.0,1,4,1,482.0,180991,179188,228293
0,3,2,3,1,6,15.0,21.0,1,3,1,521.0,207299,204211,30244
0,3,2,3,1,6,15.0,21.0,1,3,1,521.0,207299,204211,30244
0,3,2,3,0,6,15.0,21.0,1,3,1,522.0,207299,204211,30244
0,3,3,6,1,6,16.0,21.0,1,4,1,503.0,180991,179188,228293
0,3,2,3,0,6,15.0,21.0,1,3,1,522.0,207299,204211,30244
0,3,2,8,1,5,13.0,17.0,1,2,1,608.0,108257,109657,110614
0,3,5,3,0,7,15.0,15.0,1,2,1,589.0,103217,106583,20848
0,3,2,3,1,5,16.0,21.0,1,3,1,488.0,537013,550311,94829
0,3,2,3,0,6,16.0,22.0,1,3,1,497.0,537013,550311,94829
0,3,2,3,0,5,16.0,22.0,1,3,1,497.0,537013,550311,94829
0,3,5,2,1,6,15.0,19.0,1,3,1,523.0,537013,550311,94829
0,3,2,2,1,6,16.0,22.0,1,3,1,495.0,537013,550311,94829
0,3,5,2,1,5,15.0,19.0,1,3,1,523.0,537013,550311,94829
0,3,2,2,1,5,16.0,22.0,1,3,1,495.0,537013,550311,94829
0,2,2,2,1,6,13.5,19.0,1,3,1,509.0,537013,550311,94829
0,2,2,2,1,5,13.5,19.0,1,3,1,509.0,537013,550311,94829
0,3,2,8,1,6,13.0,17.0,1,2,1,608.0,108257,109657,110614
0,3,5,2,0,6,15.0,20.0,1,3,1,523.0,537013,550311,94829
0,2,2,2,0,6,14.0,20.0,1,4,1,466.0,537013,550311,94829
0,2,2,2,0,5,14.0,20.0,1,4,1,466.0,537013,550311,94829
0,2,2,2,1,7,14.5,18.5,1,4,1,480.0,537013,550311,94829
0,2,2,2,1,7,14.5,18.5,1,4,1,480.0,537013,550311,94829
0,2,2,2,0,7,15.0,20.0,1,4,1,452.0,537013,550311,94829
0,3,2,3,0,3,15.0,21.0,1,3,1,522.0,537013,550311,94829
0,3,2,3,1,7,16.0,18.0,1,3,1,532.0,103217,106583,20848
0,3,2,3,1,7,16.0,18.0,1,3,1,532.0,103217,106583,20848
0,3,5,3,0,7,15.0,15.0,1,2,1,589.0,103217,106583,20848
0,3,5,2,0,5,15.0,20.0,1,3,1,523.0,537013,550311,94829
0,3,2,3,1,6,16.0,21.0,1,3,1,488.0,537013,550311,94829
0,3,2,3,1,6,15.0,21.0,1,3,1,523.0,207299,204211,30244
0,3,2,3,1,6,16.0,21.0,1,4,1,489.0,207299,204211,30244
0,3,2,3,1,5,15.0,21.0,1,3,1,523.0,537013,550311,94829
0,3,2,3,1,6,16.0,21.0,1,4,1,489.0,537013,550311,94829
0,3,2,3,1,5,16.0,21.0,1,4,1,489.0,537013,550311,94829
0,3,2,3,0,6,16.0,22.0,1,4,1,493.0,537013,550311,94829
0,3,2,3,0,5,16.0,22.0,1,4,1,493.0,537013,550311,94829
0,3,5,2,1,6,15.0,19.0,1,3,1,523.0,537013,550311,94829
0,3,2,2,1,6,16.0,22.0,1,4,1,494.0,537013,550311,94829
0,3,5,2,1,5,15.0,19.0,1,3,1,523.0,537013,550311,94829
0,3,2,2,1,5,16.0,22.0,1,4,1,494.0,537013,550311,94829
0,3,2,3,1,6,15.0,21.0,1,3,1,523.0,537013,550311,94829
0,2,2,2,1,6,13.5,18.0,1,4,1,524.5,537013,550311,94829
0,3,5,2,0,6,15.0,20.0,1,3,1,523.0,537013,550311,94829
0,3,5,2,0,5,15.0,20.0,1,3,1,523.0,537013,550311,94829
0,2,2,2,0,6,14.0,20.0,1,4,1,470.5,537013,550311,94829
0,2,2,2,0,5,14.0,20.0,1,4,1,470.5,537013,550311,94829
0,2,2,2,1,6,14.5,18.5,1,4,1,479.5,537013,550311,94829
0,2,2,2,1,6,14.5,18.5,1,4,1,479.5,537013,550311,94829
0,2,2,2,0,6,15.0,20.0,1,4,1,453.0,537013,550311,94829
0,2,2,2,0,6,15.0,20.0,1,4,1,453.0,537013,550311,94829
0,3,5,2,0,6,15.0,17.0,1,3,1,555.0,103217,106583,20848
0,2,2,2,1,5,13.5,18.0,1,4,1,524.5,537013,550311,94829
0,3,2,3,1,5,15.0,21.0,1,3,1,523.0,207299,204211,30244
0,3,2,3,0,6,15.0,21.0,1,3,1,527.0,537013,550311,94829
0,3,2,3,1,6,15.0,21.0,1,3,1,521.0,537013,550311,94829
0,3,2,3,1,5,16.0,21.0,1,4,1,489.0,207299,204211,30244
0,3,2,3,0,6,16.0,22.0,1,4,1,493.0,207299,204211,30244
0,3,2,3,0,5,16.0,22.0,1,4,1,493.0,207299,204211,30244
0,3,5,2,1,6,15.0,19.0,1,3,1,523.0,207299,204211,30244
0,3,2,2,1,6,16.0,22.0,1,4,1,495.0,207299,204211,30244
0,3,5,2,1,5,15.0,19.0,1,3,1,523.0,207299,204211,30244
0,3,2,2,1,5,16.0,22.0,1,4,1,495.0,207299,204211,30244
0,2,2,2,1,6,13.5,18.0,1,4,1,524.5,207299,204211,30244
0,2,2,2,1,5,13.5,18.0,1,4,1,524.5,207299,204211,30244
0,3,2,3,0,6,15.0,21.0,1,3,1,527.0,537013,550311,94829
0,3,5,2,0,6,15.0,20.0,1,3,1,523.0,207299,204211,30244
0,2,2,2,0,6,14.0,20.0,1,4,1,470.5,207299,204211,30244
0,2,2,2,0,5,14.0,20.0,1,4,1,470.5,207299,204211,30244
0,2,2,2,1,6,14.5,18.5,1,4,1,480.0,207299,204211,30244
0,2,2,2,1,6,14.5,18.5,1,4,1,480.0,207299,204211,30244
0,2,2,2,0,6,15.0,20.0,1,4,1,453.0,207299,204211,30244
0,2,2,2,0,6,15.0,20.0,1,4,1,453.0,207299,204211,30244
0,3,5,2,0,6,15.0,17.0,1,3,1,555.0,35179,30047,5042
0,3,5,2,0,6,15.0,17.0,1,3,1,555.0,35179,30047,5042
0,3,2,3,1,6,15.0,21.0,1,3,1,521.0,537013,550311,94829
0,3,5,2,0,5,15.0,20.0,1,3,1,523.0,207299,204211,30244
0,3,2,3,1,5,15.0,20.0,1,3,1,533.0,537013,550311,94829
0,2,2,2,0,7,15.0,20.0,1,4,1,452.0,537013,550311,94829
0,3,2,3,0,5,15.0,21.0,1,3,1,522.0,537013,550311,94829
0,3,2,8,1,5,13.0,17.0,1,2,1,606.0,108257,109657,110614
0,3,2,8,0,6,13.0,18.0,1,2,1,592.0,108257,109657,110614
0,3,2,8,0,5,13.0,18.0,1,2,1,592.0,108257,109657,110614
0,3,2,8,1,6,14.0,18.0,1,2,1,568.0,108257,109657,110614
0,3,2,8,1,5,14.0,18.0,1,2,1,568.0,108257,109657,110614
0,3,2,8,0,6,15.0,19.0,1,2,1,554.0,108257,109657,110614
0,3,2,8,0,5,15.0,19.0,1,2,1,554.0,108257,109657,110614
0,3,2,6,1,7,17.0,21.0,1,3,1,481.0,178914,185615,228947
0,3,2,6,1,7,17.0,20.0,1,3,1,483.0,178914,185615,228947
0,3,2,3,1,6,15.0,20.0,1,3,1,533.0,537013,550311,94829
0,3,2,6,1,7,17.0,20.0,1,3,1,483.0,178914,185615,228947
0,3,6,7,1,6,17.0,20.0,1,3,1,491.0,104456,119597,130025
0,3,6,7,1,6,17.0,20.0,1,3,1,491.0,104456,119597,130025
0,3,6,7,0,6,17.0,21.0,1,3,1,479.0,104456,119597,130025
0,3,6,7,0,6,17.0,21.0,1,3,1,479.0,104456,119597,130025
0,3,3,6,1,6,16.0,21.0,1,3,1,502.0,180991,179188,228293
0,3,3,6,1,6,16.0,21.0,1,3,1,502.0,180991,179188,228293
0,3,3,1,1,6,16.0,20.0,1,3,1,504.0,180991,179188,228293
0,3,3,1,1,6,16.0,20.0,1,3,1,504.0,180991,179188,228293
0,3,3,6,1,6,17.0,21.0,1,3,1,480.0,180991,179188,228293
0,3,3,6,1,6,17.0,21.0,1,3,1,480.0,180991,179188,228293
0,3,2,8,1,6,13.0,17.0,1,2,1,606.0,108257,109657,110614
0,3,3,1,1,6,17.0,21.0,1,3,1,481.0,180991,179188,228293
0,3,5,3,0,5,15.0,15.0,1,2,1,589.0,103217,106583,20848
0,3,2,3,1,5,16.0,18.0,1,3,1,532.0,103217,106583,20848
0,3,2,3,1,3,15.0,20.0,1,3,1,522.0,537013,550311,94829
0,3,2,3,1,3,15.0,20.0,1,3,1,522.0,537013,550311,94829
0,3,2,3,1,3,16.0,21.0,1,3,1,490.0,537013,550311,94829
0,3,2,3,1,3,16.0,21.0,1,3,1,490.0,537013,550311,94829
0,3,2,3,0,3,16.0,22.0,1,3,1,495.0,537013,550311,94829
0,3,2,3,0,3,16.0,22.0,1,3,1,495.0,537013,550311,94829
0,3,5,2,1,3,15.0,19.0,1,3,1,523.0,537013,550311,94829
0,3,2,2,1,3,16.0,22.0,1,3,1,491.0,537013,550311,94829
0,3,5,2,1,3,15.0,19.0,1,3,1,523.0,537013,550311,94829
0,3,2,2,1,3,16.0,22.0,1,3,1,491.0,537013,550311,94829
0,2,2,2,1,3,13.5,19.0,1,3,1,489.0,537013,550311,94829
0,2,2,2,1,3,13.5,19.0,1,3,1,489.0,537013,550311,94829
0,3,5,2,0,3,15.0,20.0,1,3,1,523.0,537013,550311,94829
0,3,5,2,0,3,15.0,20.0,1,3,1,523.0,537013,550311,94829
0,2,2,2,0,3,14.0,20.0,1,3,1,465.0,537013,550311,94829
0,2,2,2,0,3,14.0,20.0,1,3,1,465.0,537013,550311,94829
0,2,2,2,1,5,14.5,18.5,1,3,1,474.5,537013,550311,94829
0,2,2,2,1,5,14.5,18.5,1,3,1,474.5,537013,550311,94829
0,2,2,2,0,5,15.0,20.0,1,4,1,452.5,537013,550311,94829
0,2,2,2,0,5,15.0,20.0,1,4,1,452.5,537013,550311,94829
0,3,2,3,1,5,16.0,18.0,1,3,1,532.0,103217,106583,20848
0,3,5,3,0,5,15.0,15.0,1,2,1,589.0,103217,106583,20848
0,3,3,1,1,6,17.0,21.0,1,3,1,481.0,180991,179188,228293
0,3,2,6,1,7,17.0,21.0,1,3,1,481.0,178914,185615,228947
0,3,5,3,0,7,15.0,15.0,1,2,1,589.0,35179,30047,5042
0,0,2,2,0,3,22.0,30.0,0,4,1,413.0,35179,30047,5042
0,2,2,2,1,6,13.5,19.0,1,3,1,508.0,207299,204211,30244
0,2,2,2,1,5,13.5,19.0,1,3,1,508.0,207299,204211,30244
0,3,5,2,0,6,15.0,20.0,1,3,1,523.0,207299,204211,30244
0,2,2,2,0,7,15.0,20.0,1,4,1,452.5,207299,204211,30244
0,3,5,2,0,5,15.0,20.0,1,3,1,523.0,207299,204211,30244
0,3,2,2,1,5,16.0,22.0,1,3,1,494.0,207299,204211,30244
0,3,5,2,1,5,15.0,19.0,1,3,1,523.0,207299,204211,30244
0,3,2,2,1,6,16.0,22.0,1,3,1,494.0,207299,204211,30244
0,3,5,2,1,6,15.0,19.0,1,3,1,523.0,207299,204211,30244
0,3,2,3,0,5,16.0,22.0,1,3,1,497.0,207299,204211,30244
0,3,2,3,0,6,16.0,22.0,1,3,1,497.0,207299,204211,30244
0,3,2,3,1,5,16.0,21.0,1,3,1,488.0,207299,204211,30244
0,2,2,2,0,6,14.0,20.0,1,4,1,466.0,207299,204211,30244
0,3,2,3,1,6,16.0,21.0,1,3,1,488.0,207299,204211,30244
0,3,2,3,1,5,15.0,20.0,1,3,1,533.0,207299,204211,30244
0,2,2,2,0,7,15.0,20.0,1,4,1,452.5,207299,204211,30244
0,3,2,3,0,6,15.0,21.0,1,3,1,522.0,537013,550311,94829
0,3,2,3,1,5,15.0,20.0,1,3,1,531.0,537013,550311,94829
0,3,2,3,1,6,15.0,20.0,1,3,1,531.0,537013,550311,94829
0,2,2,2,0,5,14.0,20.0,1,4,1,466.0,207299,204211,30244
0,3,2,3,1,6,15.0,20.0,1,3,1,531.0,207299,204211,30244
0,3,5,3,0,7,15.0,15.0,1,2,1,589.0,35179,30047,5042
0,3,2,3,0,6,15.0,21.0,1,3,1,523.0,207299,204211,30244
0,3,2,3,0,5,15.0,21.0,1,3,1,523.0,207299,204211,30244
0,2,2,2,1,7,14.5,18.5,1,4,1,473.5,207299,204211,30244
0,2,2,2,1,7,14.5,18.5,1,4,1,473.5,207299,204211,30244
0,3,2,3,1,6,15.0,20.0,1,3,1,533.0,207299,204211,30244
0,3,2,3,1,5,15.0,20.0,1,3,1,531.0,207299,204211,30244
1,3,3,4,0,6,22.0,30.0,0,5,1,353.0,14380,11467,4916
1,3,3,4,1,6,21.0,29.0,0,5,1,364.0,14380,11467,4916
1,3,3,4,1,6,21.0,29.0,0,5,1,364.0,14380,11467,4916
1,3,3,4,0,6,22.0,30.0,0,5,1,353.0,14380,11467,4916
1,3,3,6,0,6,25.0,33.0,0,6,1,317.0,14380,11467,4916
1,1,4,0,0,10,124.0,94.0,0,10,0,0.0,609,529,1148
1,3,7,2,0,6,22.0,30.0,0,5,1,356.0,14380,11467,4916
1,3,0,9,0,6,21.0,29.0,0,5,1,372.0,12071,8731,7909
1,3,0,9,0,6,21.0,29.0,0,5,1,372.0,12071,8731,7909
1,3,4,2,0,6,24.0,32.0,0,6,1,326.0,14380,11467,4916
1,3,4,2,0,6,24.0,32.0,0,6,1,326.0,14380,11467,4916
1,3,4,2,0,6,27.0,33.0,0,7,2,300.0,14380,11467,4916
1,3,4,2,0,6,27.0,33.0,0,7,2,300.0,14380,11467,4916
1,3,3,6,0,6,25.0,33.0,0,6,1,317.0,14380,11467,4916
1,3,4,5,0,6,28.0,33.0,0,7,2,299.0,14380,11467,4916
1,3,4,5,0,6,31.0,38.0,0,8,2,264.0,14380,11467,4916
1,3,4,2,0,6,24.0,32.0,0,6,1,326.0,14380,11467,4916
1,3,4,2,0,6,24.0,32.0,0,6,1,326.0,14380,11467,4916
1,3,4,5,0,6,28.0,33.0,0,7,2,299.0,14380,11467,4916
1,3,4,5,0,6,28.0,33.0,0,7,2,299.0,14380,11467,4916
1,3,7,2,0,6,22.0,30.0,0,5,1,356.0,14380,11467,4916
1,3,4,5,0,6,31.0,38.0,0,8,2,264.0,14380,11467,4916
1,3,4,5,0,6,28.0,33.0,0,7,2,299.0,14380,11467,4916
1,3,4,5,0,3,28.0,33.0,0,7,2,292.0,14380,11467,4916
1,1,4,0,0,10,121.0,103.0,0,10,0,0.0,12071,8731,7909
1,1,4,0,0,10,124.0,94.0,0,10,0,0.0,609,529,1148
1,1,1,0,0,10,125.0,100.0,0,10,0,0.0,13251,10458,14565
1,3,3,4,1,7,21.0,29.0,0,5,1,364.0,14380,11467,4916
1,3,3,4,1,7,21.0,29.0,0,5,1,364.0,14380,11467,4916
1,3,3,4,0,7,22.0,30.0,0,5,1,354.0,14380,11467,4916
1,3,3,4,0,7,22.0,30.0,0,5,1,354.0,14380,11467,4916
1,3,0,9,0,3,21.0,29.0,0,5,1,372.0,12071,8731,7909
1,3,0,9,0,3,21.0,29.0,0,5,1,372.0,12071,8731,7909
1,3,4,2,0,3,24.0,32.0,0,6,1,326.0,14380,11467,4916
1,3,4,2,0,3,24.0,32.0,0,6,1,326.0,14380,11467,4916
1,3,3,6,0,3,25.0,33.0,0,6,1,317.0,14380,11467,4916
1,3,3,6,0,3,25.0,33.0,0,6,1,317.0,14380,11467,4916
1,3,4,5,0,3,28.0,33.0,0,7,2,292.0,14380,11467,4916
1,4,0,9,1,3,43.5,48.5,0,9,2,214.0,12071,8731,7909
1,1,1,0,0,10,124.0,101.0,0,10,0,0.0,13251,10458,14565
1,1,1,0,0,10,124.0,101.0,0,10,0,0.0,13251,10458,14565
1,3,4,5,0,3,28.0,33.0,0,7,2,292.0,14380,11467,4916
1,3,4,2,0,3,24.0,32.0,0,6,1,326.0,14380,11467,4916
1,4,0,9,1,6,43.5,48.5,0,9,2,214.0,12071,8731,7909
1,3,4,2,0,3,24.0,32.0,0,6,1,326.0,14380,11467,4916
1,1,4,0,0,10,121.0,103.0,0,10,0,0.0,12071,8731,7909
1,1,4,0,0,10,121.0,103.0,0,10,0,0.0,12071,8731,7909
1,3,7,2,0,3,22.0,30.0,0,5,1,356.0,14380,11467,4916
1,3,7,2,0,3,22.0,30.0,0,5,1,356.0,14380,11467,4916
1,3,4,5,0,3,28.0,33.0,0,7,2,292.0,14380,11467,4916
1,1,4,0,0,10,121.0,103.0,0,10,0,0.0,12071,8731,7909
1,4,0,9,1,6,43.5,48.5,0,9,2,214.0,12071,8731,7909
1,3,0,9,0,7,18.0,27.0,2,5,1,414.0,3542,2553,1348
1,1,1,0,0,10,124.0,101.0,0,10,0,0.0,13251,10458,14565
1,3,0,9,1,3,16.0,25.0,2,3,1,463.0,12071,8731,7909
1,3,0,9,1,3,16.0,25.0,2,3,1,463.0,12071,8731,7909
1,3,0,9,0,3,17.0,25.0,2,4,1,449.0,12071,8731,7909
1,3,0,9,0,3,17.0,25.0,2,4,1,449.0,12071,8731,7909
1,3,0,9,1,3,20.0,29.0,2,5,1,382.0,12071,8731,7909
1,3,0,9,1,3,20.0,29.0,2,5,1,382.0,12071,8731,7909
1,3,0,9,1,8,17.0,26.0,2,4,1,444.0,3542,2553,1348
1,3,0,9,1,9,17.0,26.0,2,4,1,444.0,3542,2553,1348
1,3,0,9,0,8,18.0,27.0,2,4,1,416.0,3542,2553,1348
1,3,0,9,0,9,18.0,27.0,2,4,1,416.0,3542,2553,1348
1,3,0,9,1,6,16.0,25.0,2,4,1,459.0,12071,8731,7909
1,3,0,9,1,6,16.0,25.0,2,4,1,459.0,12071,8731,7909
1,3,0,9,0,6,17.0,26.0,2,4,1,441.0,12071,8731,7909
1,3,0,9,0,6,17.0,26.0,2,4,1,441.0,12071,8731,7909
1,3,0,9,1,6,19.0,28.0,2,5,1,397.0,12071,8731,7909
1,3,0,9,1,6,19.0,28.0,2,5,1,397.0,12071,8731,7909
1,3,0,9,1,9,17.0,26.0,2,4,1,443.0,3542,2553,1348
1,3,0,9,1,7,17.0,26.0,2,4,1,443.0,3542,2553,1348
1,3,0,9,0,9,18.0,27.0,2,5,1,414.0,3542,2553,1348
1,1,4,0,0,10,112.0,91.0,0,10,0,0.0,609,529,1148
1,3,0,9,1,5,16.0,25.0,2,4,1,459.0,12071,8731,7909
1,3,0,9,0,6,17.0,25.0,2,4,1,436.0,12071,8731,7909
1,3,0,9,0,5,17.0,25.0,2,4,1,436.0,12071,8731,7909
1,3,0,9,0,6,15.0,23.0,1,3,1,503.0,3542,2553,1348
1,3,0,9,0,6,15.0,23.0,1,3,1,503.0,3542,2553,1348
1,3,0,9,0,6,15.0,23.0,1,4,1,504.0,3542,2553,1348
1,3,0,9,0,5,15.0,23.0,1,4,1,504.0,3542,2553,1348
1,3,0,9,0,7,18.0,27.0,2,4,1,416.0,3542,2553,1348
1,1,1,0,0,10,124.0,101.0,0,10,0,0.0,13251,10458,14565
1,3,0,9,0,7,18.0,27.0,2,4,1,416.0,3542,2553,1348
1,3,0,9,1,7,17.0,26.0,2,4,1,444.0,3542,2553,1348
1,1,1,0,0,10,126.0,101.0,0,10,0,0.0,13251,10458,14565
1,1,1,0,0,10,126.0,101.0,0,10,0,0.0,13251,10458,14565
1,1,4,0,0,10,121.0,103.0,0,10,0,0.0,12071,8731,7909
1,1,4,0,0,10,121.0,103.0,0,10,0,0.0,12071,8731,7909
1,3,3,4,1,6,21.0,30.0,0,5,1,361.0,14380,11467,4916
1,3,3,4,1,6,21.0,30.0,0,5,1,361.0,14380,11467,4916
1,3,3,4,0,6,22.0,31.0,0,6,1,350.0,14380,11467,4916
1,3,3,4,0,6,22.0,31.0,0,6,1,350.0,14380,11467,4916
1,3,3,6,0,6,25.0,34.0,0,7,2,313.0,14380,11467,4916
1,3,3,6,0,5,25.0,34.0,0,7,1,313.0,14380,11467,4916
1,3,7,6,0,6,25.0,33.0,0,7,2,312.0,14380,11467,4916
1,3,7,6,0,5,25.0,33.0,0,7,1,312.0,14380,11467,4916
1,3,7,2,0,6,22.0,30.0,0,6,1,351.0,14380,11467,4916
1,3,7,2,0,5,22.0,30.0,0,6,1,351.0,14380,11467,4916
1,3,4,5,0,5,28.0,34.0,0,7,1,295.0,14380,11467,4916
1,3,4,2,0,6,24.0,32.0,0,6,1,322.0,14380,11467,4916
1,3,4,2,0,5,24.0,32.0,0,6,1,322.0,14380,11467,4916
1,3,4,5,0,6,31.0,40.0,0,8,2,259.0,14380,11467,4916
1,3,4,5,0,5,31.0,40.0,0,8,2,259.0,14380,11467,4916
1,3,4,5,0,6,28.0,34.0,0,7,2,295.0,14380,11467,4916
1,3,4,5,0,5,28.0,34.0,0,7,1,295.0,14380,11467,4916
1,3,4,2,0,6,27.0,34.0,0,7,2,295.0,14380,11467,4916
1,3,4,2,0,5,27.0,34.0,0,7,1,295.0,14380,11467,4916
1,3,4,2,0,6,24.0,32.0,0,6,1,322.0,14380,11467,4916
1,3,4,2,0,5,24.0,32.0,0,6,1,322.0,14380,11467,4916
1,3,0,9,0,6,21.0,29.0,0,5,1,371.0,12071,8731,7909
1,3,0,9,0,6,21.0,29.0,0,5,1,371.0,12071,8731,7909
1,3,0,9,1,7,17.0,26.0,2,4,1,444.0,3542,2553,1348
1,1,4,0,0,10,112.0,91.0,0,10,0,0.0,609,529,1148
